{"cameraMode":{"drawMode":0,"name":"Shaded","section":"Shading Mode"},"sceneLighting":false,"audioPlay":false,"sceneViewState":{"showFog":true,"showMaterialUpdate":true,"showSkybox":false,"showFlares":true,"showImageEffects":true,"showParticleSystems":true},"in2DMode":false,"pivot":{"x":3.260605812072754,"y":4.244903087615967,"z":-4.519908428192139},"rotation":{"x":-0.20737050473690034,"y":-0.5907532572746277,"z":0.14942671358585359,"w":-0.7652972340583801},"size":1.250135064125061,"orthographic":false}