{"cameraMode":{"drawMode":0,"name":"Shaded","section":"Shading Mode"},"sceneLighting":true,"audioPlay":false,"sceneViewState":{"showFog":true,"showMaterialUpdate":true,"showSkybox":false,"showFlares":true,"showImageEffects":true,"showParticleSystems":true},"in2DMode":false,"pivot":{"x":1.5289427042007447,"y":13.45834732055664,"z":18.1092586517334},"rotation":{"x":-0.08380401134490967,"y":0.03860122710466385,"z":0.0032466340344399215,"w":0.9957290291786194},"size":20.248523712158204,"orthographic":false}