{"cameraMode":{"drawMode":0,"name":"Shaded","section":"Shading Mode"},"sceneLighting":true,"audioPlay":false,"sceneViewState":{"showFog":true,"showMaterialUpdate":true,"showSkybox":true,"showFlares":true,"showImageEffects":true,"showParticleSystems":true},"in2DMode":false,"pivot":{"x":2.338594913482666,"y":4.0875630378723148,"z":0.24439166486263276},"rotation":{"x":0.013276631943881512,"y":0.700576901435852,"z":-0.013040812686085701,"w":0.7133342027664185},"size":5.167013645172119,"orthographic":false}