{"cameraMode":{"drawMode":0,"name":"Shaded","section":"Shading Mode"},"sceneLighting":true,"audioPlay":false,"sceneViewState":{"showFog":true,"showMaterialUpdate":true,"showSkybox":false,"showFlares":true,"showImageEffects":true,"showParticleSystems":true},"in2DMode":false,"pivot":{"x":0.7020001411437988,"y":-0.6779999732971191,"z":0.25799989700317385},"rotation":{"x":0.1620185673236847,"y":0.830175518989563,"z":-0.30965784192085268,"w":0.43436235189437868},"size":40.010372161865237,"orthographic":false}